{
    "name": "root",
    "gauges": {
        "YasuoAgentMove.Policy.Entropy.mean": {
            "value": 0.4623325765132904,
            "min": 0.4623325765132904,
            "max": 0.9944339990615845,
            "count": 10
        },
        "YasuoAgentMove.Policy.Entropy.sum": {
            "value": 23220.19140625,
            "min": 23213.076171875,
            "max": 50230.8515625,
            "count": 10
        },
        "YasuoAgentMove.Environment.EpisodeLength.mean": {
            "value": 56.34712643678161,
            "min": 56.34712643678161,
            "max": 123.78535353535354,
            "count": 10
        },
        "YasuoAgentMove.Environment.EpisodeLength.sum": {
            "value": 49022.0,
            "min": 48704.0,
            "max": 49684.0,
            "count": 10
        },
        "YasuoAgentMove.Step.mean": {
            "value": 999987.0,
            "min": 549981.0,
            "max": 999987.0,
            "count": 10
        },
        "YasuoAgentMove.Step.sum": {
            "value": 999987.0,
            "min": 549981.0,
            "max": 999987.0,
            "count": 10
        },
        "YasuoAgentMove.Policy.ExtrinsicValueEstimate.mean": {
            "value": 1.379396915435791,
            "min": 0.2952063977718353,
            "max": 1.379396915435791,
            "count": 10
        },
        "YasuoAgentMove.Policy.ExtrinsicValueEstimate.sum": {
            "value": 1616.6531982421875,
            "min": 298.7488708496094,
            "max": 1616.6531982421875,
            "count": 10
        },
        "YasuoAgentMove.Environment.CumulativeReward.mean": {
            "value": 1.681998850046834,
            "min": 0.665678453558608,
            "max": 1.681998850046834,
            "count": 10
        },
        "YasuoAgentMove.Environment.CumulativeReward.sum": {
            "value": 1461.6570006906986,
            "min": 262.94298915565014,
            "max": 1461.6570006906986,
            "count": 10
        },
        "YasuoAgentMove.Policy.ExtrinsicReward.mean": {
            "value": 1.681998850046834,
            "min": 0.665678453558608,
            "max": 1.681998850046834,
            "count": 10
        },
        "YasuoAgentMove.Policy.ExtrinsicReward.sum": {
            "value": 1461.6570006906986,
            "min": 262.94298915565014,
            "max": 1461.6570006906986,
            "count": 10
        },
        "YasuoAgentMove.Losses.PolicyLoss.mean": {
            "value": 0.033432543779102465,
            "min": 0.032045687548816204,
            "max": 0.03615415306296199,
            "count": 10
        },
        "YasuoAgentMove.Losses.PolicyLoss.sum": {
            "value": 0.16716271889551232,
            "min": 0.13256384009340158,
            "max": 0.18077076531480996,
            "count": 10
        },
        "YasuoAgentMove.Losses.ValueLoss.mean": {
            "value": 0.021028504281615214,
            "min": 0.021028504281615214,
            "max": 0.043615511246025564,
            "count": 10
        },
        "YasuoAgentMove.Losses.ValueLoss.sum": {
            "value": 0.10514252140807608,
            "min": 0.09547277403374513,
            "max": 0.2180775562301278,
            "count": 10
        },
        "YasuoAgentMove.Policy.LearningRate.mean": {
            "value": 8.2191972603e-06,
            "min": 8.2191972603e-06,
            "max": 0.00014226522757827503,
            "count": 10
        },
        "YasuoAgentMove.Policy.LearningRate.sum": {
            "value": 4.10959863015e-05,
            "min": 4.10959863015e-05,
            "max": 0.0006419015860328999,
            "count": 10
        },
        "YasuoAgentMove.Policy.Epsilon.mean": {
            "value": 0.10273970000000002,
            "min": 0.10273970000000002,
            "max": 0.147421725,
            "count": 10
        },
        "YasuoAgentMove.Policy.Epsilon.sum": {
            "value": 0.5136985000000001,
            "min": 0.44999339999999993,
            "max": 0.7139671000000001,
            "count": 10
        },
        "YasuoAgentMove.Policy.Beta.mean": {
            "value": 0.00014671103000000001,
            "min": 0.00014671103000000001,
            "max": 0.0023763440775000006,
            "count": 10
        },
        "YasuoAgentMove.Policy.Beta.sum": {
            "value": 0.00073355515,
            "min": 0.00073355515,
            "max": 0.01072695829,
            "count": 10
        },
        "YasuoAgentMove.IsTraining.mean": {
            "value": 1.0,
            "min": 1.0,
            "max": 1.0,
            "count": 10
        },
        "YasuoAgentMove.IsTraining.sum": {
            "value": 1.0,
            "min": 1.0,
            "max": 1.0,
            "count": 10
        }
    },
    "metadata": {
        "timer_format_version": "0.1.0",
        "start_time_seconds": "1761075137",
        "python_version": "3.10.12 | packaged by Anaconda, Inc. | (main, Jul  5 2023, 19:01:18) [MSC v.1916 64 bit (AMD64)]",
        "command_line_arguments": "C:\\Users\\Admin\\miniconda3\\envs\\mlagents\\Scripts\\mlagents-learn config/Move.yaml --run-id=move --resume",
        "mlagents_version": "1.1.0",
        "mlagents_envs_version": "1.1.0",
        "communication_protocol_version": "1.5.0",
        "pytorch_version": "2.2.2+cu121",
        "numpy_version": "1.23.5",
        "end_time_seconds": "1761075812"
    },
    "total": 675.2235627000045,
    "count": 1,
    "self": 0.019014499994227663,
    "children": {
        "run_training.setup": {
            "total": 0.06954890000633895,
            "count": 1,
            "self": 0.06954890000633895
        },
        "TrainerController.start_learning": {
            "total": 675.134999300004,
            "count": 1,
            "self": 0.5943998002476292,
            "children": {
                "TrainerController._reset_env": {
                    "total": 19.601146200002404,
                    "count": 1,
                    "self": 19.601146200002404
                },
                "TrainerController.advance": {
                    "total": 654.8964395997464,
                    "count": 36783,
                    "self": 0.6038943016174017,
                    "children": {
                        "env_step": {
                            "total": 535.575636098074,
                            "count": 36783,
                            "self": 440.90782879886683,
                            "children": {
                                "SubprocessEnvManager._take_step": {
                                    "total": 94.27761150086008,
                                    "count": 36783,
                                    "self": 1.6093472000648035,
                                    "children": {
                                        "TorchPolicy.evaluate": {
                                            "total": 92.66826430079527,
                                            "count": 31282,
                                            "self": 92.66826430079527
                                        }
                                    }
                                },
                                "workers": {
                                    "total": 0.39019579834712204,
                                    "count": 36783,
                                    "self": 0.0,
                                    "children": {
                                        "worker_root": {
                                            "total": 656.4574937990983,
                                            "count": 36783,
                                            "is_parallel": true,
                                            "self": 252.10860079874692,
                                            "children": {
                                                "steps_from_proto": {
                                                    "total": 0.005927399994106963,