{"count":1,"self":125.7181952,"total":658.1763122,"children":{"InitializeActuators":{"count":16,"self":0.0026079,"total":0.0026079,"children":null},"InitializeSensors":{"count":16,"self":0.0015134999999999999,"total":0.0015134999999999999,"children":null},"AgentSendState":{"count":156417,"self":0.68463469999999993,"total":36.855180499999996,"children":{"CollectObservations":{"count":500544,"self":34.2610944,"total":34.2610956,"children":null},"WriteActionMask":{"count":500544,"self":0.079562399999999991,"total":0.079562399999999991,"children":null},"RequestDecision":{"count":500544,"self":0.5010678,"total":1.8298877999999998,"children":{"AgentInfo.ToProto":{"count":500544,"self":0.3784391,"total":1.32882,"children":{"GenerateSensorData":{"count":500544,"self":0.9503809,"total":0.9503809,"children":null}}}}}}},"DecideAction":{"count":156417,"self":308.173056,"total":308.1730462,"children":null},"AgentAct":{"count":156417,"self":187.3554048,"total":187.3602435,"children":{"AgentInfo.ToProto":{"count":354,"self":0.001001,"total":0.0048392,"children":{"GenerateSensorData":{"count":354,"self":0.0038382,"total":0.0038382,"children":null}}}}},"AgentInfo.ToProto":{"count":6600,"self":0.027402199999999998,"total":0.0645271,"children":{"GenerateSensorData":{"count":6600,"self":0.037124899999999995,"total":0.037124899999999995,"children":null}}}},"gauges":{"YasuoAgentMove.CumulativeReward":{"count":6954,"max":1.922,"min":-1.92299175,"runningAverage":1.51135612,"value":1.726,"weightedAverage":1.70547724}},"metadata":{"timer_format_version":"0.1.0","start_time_seconds":"1761075154","unity_version":"6000.0.59f2","command_line_arguments":"C:\\Program Files\\Unity\\Hub\\Editor\\6000.0.59f2\\Editor\\Unity.exe -projectpath C:\\DuyViet_Data\\Unity\\Project\\ML_Agent -acceptSoftwareTermsForThisRunOnly -useHub -hubIPC -cloudEnvironment production","communication_protocol_version":"1.5.0","com.unity.ml-agents_version":"4.0.0","scene_name":"Basic","end_time_seconds":"1761075812"}}