{"count":1,"self":566.653952,"total":2746.0748571,"children":{"InitializeActuators":{"count":16,"self":0.0025242999999999997,"total":0.0025242999999999997,"children":null},"InitializeSensors":{"count":16,"self":0.0010052,"total":0.0010052,"children":null},"AgentSendState":{"count":625134,"self":2.8721389999999998,"total":151.04059279999998,"children":{"CollectObservations":{"count":2000432,"self":139.84702719999999,"total":139.8470228,"children":null},"WriteActionMask":{"count":2000432,"self":0.34644959999999997,"total":0.34644959999999997,"children":null},"RequestDecision":{"count":2000432,"self":2.0705442,"total":7.9749814,"children":{"AgentInfo.ToProto":{"count":2000432,"self":1.6516271,"total":5.9044371999999994,"children":{"GenerateSensorData":{"count":2000432,"self":4.25281,"total":4.2528101,"children":null}}}}}}},"DecideAction":{"count":625134,"self":1264.8193024,"total":1264.8192539,"children":null},"AgentAct":{"count":625134,"self":763.11424,"total":763.1332823,"children":{"AgentInfo.ToProto":{"count":1716,"self":0.0065502999999999994,"total":0.0190218,"children":{"GenerateSensorData":{"count":1716,"self":0.0124715,"total":0.0124715,"children":null}}}}},"AgentInfo.ToProto":{"count":37680,"self":0.15178039999999998,"total":0.41688519999999996,"children":{"GenerateSensorData":{"count":37680,"self":0.2651048,"total":0.2651048,"children":null}}}},"gauges":{"YasuoAgentMove.CumulativeReward":{"count":39396,"max":1.97,"min":-1.99899077,"runningAverage":1.6513598,"value":1.80799985,"weightedAverage":1.811053}},"metadata":{"timer_format_version":"0.1.0","start_time_seconds":"1761115860","unity_version":"6000.0.59f2","command_line_arguments":"C:\\Program Files\\Unity\\Hub\\Editor\\6000.0.59f2\\Editor\\Unity.exe -projectpath C:\\DuyViet_Data\\Unity\\Project\\ML_Agent -acceptSoftwareTermsForThisRunOnly -useHub -hubIPC -cloudEnvironment production","communication_protocol_version":"1.5.0","com.unity.ml-agents_version":"4.0.0","scene_name":"MoveTrain","end_time_seconds":"1761118605"}}